{"crm_password":"g#/wK6mSY5n)4F","leads":[{"name":"Kylych","tel":"+99699018090","address":"Lenina 312","type":"Скачать с телефона","additional":"Smart","status":"Неразобранное","id":"1ds9iyh8wwl3k69upf"},{"name":"Kylych","tel":"+99699018090","address":"Lenina 312","type":"Скачать с телефона","additional":"Smart","status":"Неразобранное","id":"1ds9iyhukl3k6b6e9"},{"name":"Kylych","tel":"+99699018090","address":"Lenina 312","type":"Скачать с телефона","additional":"Smart","status":"Неразобранное","id":"1ds9iyh9akl3k6bjl0"},{"name":"Kylych","tel":"+99699018090","address":"Lenina 312","type":"Скачать с телефона","additional":"Smart","status":"Неразобранное","id":"1ds9iyh2hol3k6bqt7"},{"name":"Kylych","tel":"+99699018090","address":"Lenina 312","type":"Скачать с телефона","additional":"Smart","status":"Неразобранное","id":"1ds9iyh388l3k6dq17"},{"name":"Kylych","tel":"+99699018090","address":"Lenina 312","type":"Скачать с телефона","additional":"Smart","status":"Неразобранное","id":"1ds9iyh880l3k6dxss"},{"name":"Kylych","tel":"+99699018090","address":"Lenina 312","type":"Скачать с телефона","additional":"Smart","status":"Неразобранное","id":"1ds9iyh9h0l3k6e7d0"},{"name":null,"tel":"0(775)-93-28-23","address":null,"type":"Скачать прайс","additional":null,"status":"Неразобранное","id":"1ds9iyh9h0l3k6i218"},{"name":"Kylych","tel":"+99699018090","address":"Lenina 312","type":"Скачать с телефона","additional":"Smart","status":"Неразобранное","id":"1ds9iyh24sl3k6wh20"},{"name":"Kylych","tel":"+99699018090","address":"Lenina 312","type":"Скачать с телефона","additional":"Smart","status":"Неразобранное","id":"1ds9iyh24sl3k6yqtz"}],"users":[{"id":921623082,"first_name":"Aktan","last_name":"Tashmatov","type":"private"},{"id":650567115,"first_name":"Aktan","username":"TheSample","type":"private"}]}